Team ID,Squad,GA90,Save%,SoTA
db3b9613,es Atlético Madrid,1.5,70.4,27
206d90db,es Barcelona,2.0,63.3,30
054efa67,de Bayern Munich,0.6,83.3,36
add600ae,de Dortmund,0.87,83.3,36
18050b20,dk FC Copenhagen,2.0,71.1,38
d609edc0,it Inter,0.85,80.7,57
b8fd03ef,eng Manchester City,0.38,89.2,37
d48ad4ff,it Napoli,0.8,76.7,30
e2d8892c,fr Paris S-G,1.25,74.3,35
5e876ee6,pt Porto,1.0,81.6,38
acbb6a5b,de RB Leipzig,2.12,61.5,39
53a2f082,es Real Madrid,1.08,77.6,58
