Team ID,Squad,SCA90,GCA90
db3b9613,es Atlético Madrid,28.0,1.17
206d90db,es Barcelona,27.67,3.83
054efa67,de Bayern Munich,30.2,3.9
add600ae,de Dortmund,21.12,2.62
18050b20,dk FC Copenhagen,15.0,0.17
d609edc0,it Inter,21.62,2.69
b8fd03ef,eng Manchester City,28.08,4.0
d48ad4ff,it Napoli,31.5,4.7
e2d8892c,fr Paris S-G,22.37,3.5
5e876ee6,pt Porto,24.12,2.25
acbb6a5b,de RB Leipzig,19.5,2.62
53a2f082,es Real Madrid,27.92,3.75
